Timestamp,Installation,Sensor ID,Sensor Name,Snow fall,Strong wind,High temp
12/12/2023 16:08,Agroscope Series,"[130, 116]","['leaf_temp_FS1', 'rain']","['18h 13-12-2023', '21h 13-12-2023', '00h 14-12-2023', '06h 14-12-2023', '18h 14-12-2023', '03h 15-12-2023']",[],[]
12/12/2023 16:08,Agroscope Berries,[],[],"['18h 13-12-2023', '21h 13-12-2023', '00h 14-12-2023', '06h 14-12-2023', '18h 14-12-2023', '03h 15-12-2023']",[],[]
12/12/2023 16:08,Bioschmid,[],[],[],"['21h 12-12-2023', '00h 13-12-2023', '15h 13-12-2023']",[]
12/12/2023 16:08,Etchelecu,[],[],[],"['00h 13-12-2023', '03h 13-12-2023', '06h 13-12-2023', '09h 13-12-2023', '12h 13-12-2023', '15h 13-12-2023', '18h 13-12-2023', '21h 13-12-2023', '00h 14-12-2023']",[]
,,,,,,
12/12/2023 16:12,Agroscope Series,"[130, 116]","['leaf_temp_FS1', 'rain']","['18h 13-12-2023', '21h 13-12-2023', '00h 14-12-2023', '06h 14-12-2023', '18h 14-12-2023', '03h 15-12-2023']",[],[]
12/12/2023 16:12,Agroscope Berries,[],[],"['18h 13-12-2023', '21h 13-12-2023', '00h 14-12-2023', '06h 14-12-2023', '18h 14-12-2023', '03h 15-12-2023']",[],[]
12/12/2023 16:12,Bioschmid,[],[],[],"['21h 12-12-2023', '00h 13-12-2023', '15h 13-12-2023']",[]
12/12/2023 16:12,Etchelecu,[],[],[],"['00h 13-12-2023', '03h 13-12-2023', '06h 13-12-2023', '09h 13-12-2023', '12h 13-12-2023', '15h 13-12-2023', '18h 13-12-2023', '21h 13-12-2023', '00h 14-12-2023']",[]
,,,,,,
12/12/2023 16:26,Agroscope Series,"[130, 116]","['leaf_temp_FS1', 'rain']","['18h 13-12-2023', '21h 13-12-2023', '00h 14-12-2023', '06h 14-12-2023', '18h 14-12-2023', '03h 15-12-2023']",[],[]
12/12/2023 16:26,Agroscope Berries,[],[],"['18h 13-12-2023', '21h 13-12-2023', '00h 14-12-2023', '06h 14-12-2023', '18h 14-12-2023', '03h 15-12-2023']",[],[]
12/12/2023 16:26,Bioschmid,[],[],[],"['21h 12-12-2023', '00h 13-12-2023', '15h 13-12-2023']",[]
12/12/2023 16:26,Etchelecu,[],[],[],"['00h 13-12-2023', '03h 13-12-2023', '06h 13-12-2023', '09h 13-12-2023', '12h 13-12-2023', '15h 13-12-2023', '18h 13-12-2023', '21h 13-12-2023', '00h 14-12-2023']",[]
,,,,,,
12/12/2023 16:44,Agroscope Series,[116],['rain'],"['18h 13-12-2023', '21h 13-12-2023', '00h 14-12-2023', '06h 14-12-2023', '18h 14-12-2023', '03h 15-12-2023']",[],[]
12/12/2023 16:44,Agroscope Berries,[],[],"['18h 13-12-2023', '21h 13-12-2023', '00h 14-12-2023', '06h 14-12-2023', '18h 14-12-2023', '03h 15-12-2023']",[],[]
12/12/2023 16:44,Bioschmid,[],[],[],[],[]
12/12/2023 16:44,Etchelecu,[],[],[],"['03h 13-12-2023', '06h 13-12-2023', '09h 13-12-2023', '12h 13-12-2023', '15h 13-12-2023', '18h 13-12-2023', '21h 13-12-2023', '00h 14-12-2023']",[]
,,,,,,
12/12/2023 16:53,Agroscope Series,[116],['rain'],"['18h 13-12-2023', '21h 13-12-2023', '00h 14-12-2023', '06h 14-12-2023', '18h 14-12-2023', '03h 15-12-2023']",[],[]
12/12/2023 16:53,Agroscope Berries,[],[],"['18h 13-12-2023', '21h 13-12-2023', '00h 14-12-2023', '06h 14-12-2023', '18h 14-12-2023', '03h 15-12-2023']",[],[]
12/12/2023 16:53,Bioschmid,[],[],[],[],[]
12/12/2023 16:53,Etchelecu,[],[],[],"['03h 13-12-2023', '06h 13-12-2023', '09h 13-12-2023', '12h 13-12-2023', '15h 13-12-2023', '18h 13-12-2023', '21h 13-12-2023', '00h 14-12-2023']",[]
,,,,,,
12/12/2023 17:06,Agroscope Series,[116],['rain'],"['18h 13-12-2023', '21h 13-12-2023', '00h 14-12-2023', '06h 14-12-2023', '18h 14-12-2023', '03h 15-12-2023']",[],[]
12/12/2023 17:06,Agroscope Berries,[],[],"['18h 13-12-2023', '21h 13-12-2023', '00h 14-12-2023', '06h 14-12-2023', '18h 14-12-2023', '03h 15-12-2023']",[],[]
12/12/2023 17:06,Bioschmid,[],[],[],[],[]
12/12/2023 17:06,Etchelecu,[],[],[],"['03h 13-12-2023', '06h 13-12-2023', '09h 13-12-2023', '12h 13-12-2023', '15h 13-12-2023', '18h 13-12-2023', '21h 13-12-2023', '00h 14-12-2023']",[]
,,,,,,
13/12/2023 09:20,Agroscope Series,[116],['rain'],"['00h 14-12-2023', '03h 14-12-2023', '18h 14-12-2023', '21h 14-12-2023', '06h 15-12-2023']",[],[]
13/12/2023 09:20,Agroscope Berries,[],[],"['00h 14-12-2023', '03h 14-12-2023', '18h 14-12-2023', '21h 14-12-2023', '06h 15-12-2023']",[],[]
13/12/2023 09:20,Bioschmid,"[51, 52, 47, 48, 20, 21, 22]","['TRH03_EXT', 'TRH04_EXT', 'TRH01_agriverti', 'TRH02_agriverti', 'PAR01_agriverti', 'PAR02_agriverti', 'PAR03_agriverti']",[],[],[]
13/12/2023 09:20,Etchelecu,[],[],[],"['09h 13-12-2023', '12h 13-12-2023', '15h 13-12-2023', '18h 13-12-2023', '21h 13-12-2023', '00h 14-12-2023']",[]
,,,,,,
13/12/2023 09:35,Agroscope Series,[116],['rain'],"['00h 14-12-2023', '03h 14-12-2023', '18h 14-12-2023', '21h 14-12-2023', '06h 15-12-2023']",[],[]
13/12/2023 09:35,Agroscope Berries,[],[],"['00h 14-12-2023', '03h 14-12-2023', '18h 14-12-2023', '21h 14-12-2023', '06h 15-12-2023']",[],[]
13/12/2023 09:35,Bioschmid,"[51, 52, 47, 48, 20, 21, 22]","['TRH03_EXT', 'TRH04_EXT', 'TRH01_agriverti', 'TRH02_agriverti', 'PAR01_agriverti', 'PAR02_agriverti', 'PAR03_agriverti']",[],[],[]
13/12/2023 09:35,Etchelecu,[],[],[],"['09h 13-12-2023', '12h 13-12-2023', '15h 13-12-2023', '18h 13-12-2023', '21h 13-12-2023', '00h 14-12-2023']",[]
,,,,,,
13/12/2023 09:43,Agroscope Series,[116],['rain'],"['00h 14-12-2023', '03h 14-12-2023', '18h 14-12-2023', '21h 14-12-2023', '06h 15-12-2023']",[],[]
13/12/2023 09:43,Agroscope Berries,[],[],"['00h 14-12-2023', '03h 14-12-2023', '18h 14-12-2023', '21h 14-12-2023', '06h 15-12-2023']",[],[]
13/12/2023 09:43,Bioschmid,"[51, 52, 47, 48, 20, 21, 22]","['TRH03_EXT', 'TRH04_EXT', 'TRH01_agriverti', 'TRH02_agriverti', 'PAR01_agriverti', 'PAR02_agriverti', 'PAR03_agriverti']",[],[],[]
13/12/2023 09:43,Etchelecu,[],[],[],"['09h 13-12-2023', '12h 13-12-2023', '15h 13-12-2023', '18h 13-12-2023', '21h 13-12-2023', '00h 14-12-2023']",[]
,,,,,,
13/12/2023 09:50,Agroscope Series,[116],['rain'],"['00h 14-12-2023', '03h 14-12-2023', '18h 14-12-2023', '21h 14-12-2023', '06h 15-12-2023']",[],[]
13/12/2023 09:50,Agroscope Berries,[],[],"['00h 14-12-2023', '03h 14-12-2023', '18h 14-12-2023', '21h 14-12-2023', '06h 15-12-2023']",[],[]
13/12/2023 09:50,Bioschmid,"[51, 52, 47, 48, 20, 21, 22]","['TRH03_EXT', 'TRH04_EXT', 'TRH01_agriverti', 'TRH02_agriverti', 'PAR01_agriverti', 'PAR02_agriverti', 'PAR03_agriverti']",[],[],[]
13/12/2023 09:50,Etchelecu,[],[],[],"['09h 13-12-2023', '12h 13-12-2023', '15h 13-12-2023', '18h 13-12-2023', '21h 13-12-2023', '00h 14-12-2023']",[]
12:12:21 13-12-2023,Agroscope Series,[116],['rain'],"['00h 14-12-2023', '03h 14-12-2023', '18h 14-12-2023', '21h 14-12-2023', '06h 15-12-2023']",[],[]
12:12:21 13-12-2023,Agroscope Berries,[],[],"['00h 14-12-2023', '03h 14-12-2023', '18h 14-12-2023', '21h 14-12-2023', '06h 15-12-2023']",[],[]
12:12:21 13-12-2023,Bioschmid,"[51, 52, 47, 48, 20, 21, 22]","['TRH03_EXT', 'TRH04_EXT', 'TRH01_agriverti', 'TRH02_agriverti', 'PAR01_agriverti', 'PAR02_agriverti', 'PAR03_agriverti']",[],[],[]
12:12:21 13-12-2023,Etchelecu,[],[],[],"['12h 13-12-2023', '15h 13-12-2023', '18h 13-12-2023', '21h 13-12-2023', '00h 14-12-2023']",[]

14:27:57 13-12-2023,Agroscope Series,[116],['rain'],"['03h 14-12-2023', '06h 14-12-2023', '18h 14-12-2023', '00h 15-12-2023']",[],[]
14:27:57 13-12-2023,Agroscope Berries,[],[],"['03h 14-12-2023', '06h 14-12-2023', '18h 14-12-2023', '00h 15-12-2023']",[],[]
14:27:57 13-12-2023,Bioschmid,"[51, 52, 47, 48, 20, 21, 22]","['TRH03_EXT', 'TRH04_EXT', 'TRH01_agriverti', 'TRH02_agriverti', 'PAR01_agriverti', 'PAR02_agriverti', 'PAR03_agriverti']",[],[],[]
14:27:57 13-12-2023,Etchelecu,[],[],[],"['15h 13-12-2023', '18h 13-12-2023', '21h 13-12-2023', '00h 14-12-2023']",[]

14:28:31 13-12-2023,Agroscope Series,[116],['rain'],"['03h 14-12-2023', '06h 14-12-2023', '18h 14-12-2023', '00h 15-12-2023']",[],[]
14:28:31 13-12-2023,Agroscope Berries,[],[],"['03h 14-12-2023', '06h 14-12-2023', '18h 14-12-2023', '00h 15-12-2023']",[],[]
14:28:31 13-12-2023,Bioschmid,"[51, 52, 47, 48, 20, 21, 22]","['TRH03_EXT', 'TRH04_EXT', 'TRH01_agriverti', 'TRH02_agriverti', 'PAR01_agriverti', 'PAR02_agriverti', 'PAR03_agriverti']",[],[],[]
14:28:31 13-12-2023,Etchelecu,[],[],[],"['15h 13-12-2023', '18h 13-12-2023', '21h 13-12-2023', '00h 14-12-2023']",[]

15:21:05 13-12-2023,Agroscope Series,[116],['rain'],"['03h 14-12-2023', '06h 14-12-2023', '18h 14-12-2023', '00h 15-12-2023']",[],[],
15:21:05 13-12-2023,Agroscope Berries,[],[],"['03h 14-12-2023', '06h 14-12-2023', '18h 14-12-2023', '00h 15-12-2023']",[],[],
15:21:05 13-12-2023,Bioschmid,"[51, 52, 47, 48, 20, 21, 22]","['TRH03_EXT', 'TRH04_EXT', 'TRH01_agriverti', 'TRH02_agriverti', 'PAR01_agriverti', 'PAR02_agriverti', 'PAR03_agriverti']",[],[],[],
15:21:05 13-12-2023,Etchelecu,[],[],[],"['15h 13-12-2023', '18h 13-12-2023', '21h 13-12-2023', '00h 14-12-2023']",[],

15:23:58 13-12-2023,Agroscope Series,[116],['rain'],"['03h 14-12-2023', '06h 14-12-2023', '18h 14-12-2023', '00h 15-12-2023']",[],[],
15:23:58 13-12-2023,Agroscope Berries,[],[],"['03h 14-12-2023', '06h 14-12-2023', '18h 14-12-2023', '00h 15-12-2023']",[],[],
15:23:58 13-12-2023,Bioschmid,"[51, 52, 47, 48, 20, 21, 22]","['TRH03_EXT', 'TRH04_EXT', 'TRH01_agriverti', 'TRH02_agriverti', 'PAR01_agriverti', 'PAR02_agriverti', 'PAR03_agriverti']",[],[],[],
15:23:58 13-12-2023,Etchelecu,[],[],[],"['15h 13-12-2023', '18h 13-12-2023', '21h 13-12-2023', '00h 14-12-2023']",[],

15:34:41 13-12-2023,Agroscope Series,[116],['rain'],"['03h 14-12-2023', '06h 14-12-2023', '18h 14-12-2023', '00h 15-12-2023']",[],[],
15:34:41 13-12-2023,Agroscope Berries,[],[],"['03h 14-12-2023', '06h 14-12-2023', '18h 14-12-2023', '00h 15-12-2023']",[],[],
15:34:41 13-12-2023,Bioschmid,"[51, 52, 47, 48, 20, 21, 22]","['TRH03_EXT', 'TRH04_EXT', 'TRH01_agriverti', 'TRH02_agriverti', 'PAR01_agriverti', 'PAR02_agriverti', 'PAR03_agriverti']",[],[],[],
15:34:41 13-12-2023,Etchelecu,[],[],[],"['15h 13-12-2023', '18h 13-12-2023', '21h 13-12-2023', '00h 14-12-2023']",[],

16:03:12 13-12-2023,Agroscope Series,[116],['rain'],"['03h 14-12-2023', '06h 14-12-2023', '18h 14-12-2023', '00h 15-12-2023']",[],[],
16:03:12 13-12-2023,Agroscope Berries,[],[],"['03h 14-12-2023', '06h 14-12-2023', '18h 14-12-2023', '00h 15-12-2023']",[],[],
16:03:12 13-12-2023,Bioschmid,"[51, 52, 47, 48, 20, 21, 22]","['TRH03_EXT', 'TRH04_EXT', 'TRH01_agriverti', 'TRH02_agriverti', 'PAR01_agriverti', 'PAR02_agriverti', 'PAR03_agriverti']",[],[],[],
16:03:12 13-12-2023,Etchelecu,[],[],[],"['18h 13-12-2023', '21h 13-12-2023', '00h 14-12-2023']",[],

16:09:49 13-12-2023,Agroscope Series,[116],['rain'],"['03h 14-12-2023', '06h 14-12-2023', '18h 14-12-2023', '00h 15-12-2023']",[],[],
16:09:49 13-12-2023,Agroscope Berries,[],[],"['03h 14-12-2023', '06h 14-12-2023', '18h 14-12-2023', '00h 15-12-2023']",[],[],
16:09:49 13-12-2023,Bioschmid,"[51, 52, 47, 48, 20, 21, 22]","['TRH03_EXT', 'TRH04_EXT', 'TRH01_agriverti', 'TRH02_agriverti', 'PAR01_agriverti', 'PAR02_agriverti', 'PAR03_agriverti']",[],[],[],
16:09:49 13-12-2023,Etchelecu,[],[],[],"['18h 13-12-2023', '21h 13-12-2023', '00h 14-12-2023']",[],

16:11:20 13-12-2023,Agroscope Series,[116],['rain'],"['03h 14-12-2023', '06h 14-12-2023', '18h 14-12-2023', '00h 15-12-2023']",[],[],
16:11:20 13-12-2023,Agroscope Berries,[],[],"['03h 14-12-2023', '06h 14-12-2023', '18h 14-12-2023', '00h 15-12-2023']",[],[],
16:11:20 13-12-2023,Bioschmid,"[51, 52, 47, 48, 20, 21, 22]","['TRH03_EXT', 'TRH04_EXT', 'TRH01_agriverti', 'TRH02_agriverti', 'PAR01_agriverti', 'PAR02_agriverti', 'PAR03_agriverti']",[],[],[],
16:11:20 13-12-2023,Etchelecu,[],[],[],"['18h 13-12-2023', '21h 13-12-2023', '00h 14-12-2023']",[],

16:14:01 13-12-2023,Agroscope Series,[116],['rain'],"['03h 14-12-2023', '06h 14-12-2023', '18h 14-12-2023', '00h 15-12-2023']",[],[],
16:14:01 13-12-2023,Agroscope Berries,[],[],"['03h 14-12-2023', '06h 14-12-2023', '18h 14-12-2023', '00h 15-12-2023']",[],[],
16:14:01 13-12-2023,Bioschmid,"[51, 52, 47, 48, 20, 21, 22]","['TRH03_EXT', 'TRH04_EXT', 'TRH01_agriverti', 'TRH02_agriverti', 'PAR01_agriverti', 'PAR02_agriverti', 'PAR03_agriverti']",[],[],[],
16:14:01 13-12-2023,Etchelecu,[],[],[],"['18h 13-12-2023', '21h 13-12-2023', '00h 14-12-2023']",[],

16:22:37 13-12-2023,Agroscope Series,[116],['rain'],"['03h 14-12-2023', '06h 14-12-2023', '18h 14-12-2023', '00h 15-12-2023']",[],[],[]
16:22:37 13-12-2023,Agroscope Berries,[],[],"['03h 14-12-2023', '06h 14-12-2023', '18h 14-12-2023', '00h 15-12-2023']",[],[],"[['screen_zone6', 'Emergency'], ['screen_zone5', 'Emergency'], ['screen_zone2', 'Emergency'], ['screen_zone1', 'Emergency'], ['screen_zone4', 'Emergency'], ['screen_zone3', 'Emergency']]"
16:22:37 13-12-2023,Bioschmid,[],[],[],[],[],[]
16:22:37 13-12-2023,Etchelecu,[],[],[],"['18h 13-12-2023', '21h 13-12-2023', '00h 14-12-2023']",[],"[['main_screen', 'Auto']]"

16:29:12 13-12-2023,Agroscope Series,[116],['rain'],"['03h 14-12-2023', '06h 14-12-2023', '18h 14-12-2023', '00h 15-12-2023']",[],[],[]
16:29:12 13-12-2023,Agroscope Berries,[],[],"['03h 14-12-2023', '06h 14-12-2023', '18h 14-12-2023', '00h 15-12-2023']",[],[],"[('screen_zone6', 'Emergency'), ('screen_zone5', 'Emergency'), ('screen_zone2', 'Emergency'), ('screen_zone1', 'Emergency'), ('screen_zone4', 'Emergency'), ('screen_zone3', 'Emergency')]"
16:29:12 13-12-2023,Bioschmid,[],[],[],[],[],[]
16:29:12 13-12-2023,Etchelecu,[],[],[],"['18h 13-12-2023', '21h 13-12-2023', '00h 14-12-2023']",[],"[('main_screen', 'Auto')]"

16:31:19 13-12-2023,Agroscope Series,[116],['rain'],"['03h 14-12-2023', '06h 14-12-2023', '18h 14-12-2023', '00h 15-12-2023']",[],[],[]
16:31:19 13-12-2023,Agroscope Berries,[],[],"['03h 14-12-2023', '06h 14-12-2023', '18h 14-12-2023', '00h 15-12-2023']",[],[],"['screen_zone6: Emergency', 'screen_zone5: Emergency', 'screen_zone2: Emergency', 'screen_zone1: Emergency', 'screen_zone4: Emergency', 'screen_zone3: Emergency']"
16:31:19 13-12-2023,Bioschmid,[],[],[],[],[],[]
16:31:19 13-12-2023,Etchelecu,[],[],[],"['18h 13-12-2023', '21h 13-12-2023', '00h 14-12-2023']",[],['main_screen: Auto']

11:53:49 14-12-2023,Agroscope Series,[116],['rain'],"['18h 14-12-2023', '21h 14-12-2023', '00h 15-12-2023', '03h 15-12-2023', '06h 15-12-2023']",[],[],[]
11:53:49 14-12-2023,Agroscope Berries,[],[],"['18h 14-12-2023', '21h 14-12-2023', '00h 15-12-2023', '03h 15-12-2023', '06h 15-12-2023']",[],[],[]
11:53:49 14-12-2023,Bioschmid,"[51, 52, 47, 48, 20, 21, 22]","['TRH03_EXT', 'TRH04_EXT', 'TRH01_agriverti', 'TRH02_agriverti', 'PAR01_agriverti', 'PAR02_agriverti', 'PAR03_agriverti']",[],[],[],[]
11:53:49 14-12-2023,Etchelecu,[],[],[],[],[],[]

13:29:05 14-12-2023,Agroscope Series,[116],['rain'],"['18h 14-12-2023', '00h 15-12-2023', '03h 15-12-2023', '06h 15-12-2023']",[],[],[]
13:29:05 14-12-2023,Agroscope Berries,[],[],"['18h 14-12-2023', '00h 15-12-2023', '03h 15-12-2023', '06h 15-12-2023']",[],[],['No logs found']
13:29:05 14-12-2023,Bioschmid,"[51, 52, 47, 48, 20, 21, 22]","['TRH03_EXT', 'TRH04_EXT', 'TRH01_agriverti', 'TRH02_agriverti', 'PAR01_agriverti', 'PAR02_agriverti', 'PAR03_agriverti']",[],[],[],['No logs found']
13:29:05 14-12-2023,Etchelecu,[],[],[],[],[],['No logs found']

13:32:25 14-12-2023,Agroscope Series,[116],['rain'],"['18h 14-12-2023', '00h 15-12-2023', '03h 15-12-2023', '06h 15-12-2023']",[],[],['No logs for 2d+']
13:32:25 14-12-2023,Agroscope Berries,[],[],"['18h 14-12-2023', '00h 15-12-2023', '03h 15-12-2023', '06h 15-12-2023']",[],[],['No logs for 2d+']
13:32:25 14-12-2023,Bioschmid,"[51, 52, 47, 48, 20, 21, 22]","['TRH03_EXT', 'TRH04_EXT', 'TRH01_agriverti', 'TRH02_agriverti', 'PAR01_agriverti', 'PAR02_agriverti', 'PAR03_agriverti']",[],[],[],['No logs for 2d+']
13:32:25 14-12-2023,Etchelecu,[],[],[],[],[],['No logs for 2d+']

13:04:54 18-12-2023,Agroscope Series,[116],['rain'],['00h 21-12-2023'],[],[],['No logs for 2d+']
13:04:54 18-12-2023,Agroscope Berries,[],[],['00h 21-12-2023'],[],[],['No logs for 2d+']
13:04:54 18-12-2023,Bioschmid,[],[],[],[],[],['No logs for 2d+']
13:04:54 18-12-2023,Etchelecu,"[43, 44, 71, 86, 13, 14, 15, 16, 11, 12, 41, 42, 100, 45, 46, 17, 18, 81]","['TRH_top_Insolagrin', 'TRH_bottom_Insolagrin', 'WIND01_EXT', 'WIND02_EXT', 'PAR01_Insolagrin', 'PAR02_Insolagrin', 'PAR03_Insolagrin', 'PAR04_Insolagrin', 'PAR01_EXT', 'PAR02_EXT', 'TRH_top_EXT', 'TRH_bottom_EXT', 'GHI_01_EXT', 'TRH_top_control', 'TRH_bottom_control', 'PAR01_control', 'PAR02_control', 'RAIN_EXT']",[],[],[],['No logs for 2d+']

13:06:23 18-12-2023,Agroscope Series,[116],['rain'],['00h 21-12-2023'],[],[],['No logs for 2d+']
13:06:23 18-12-2023,Agroscope Berries,[],[],['00h 21-12-2023'],[],[],['No logs for 2d+']
13:06:23 18-12-2023,Bioschmid,[],[],[],[],[],['No logs for 2d+']
13:06:23 18-12-2023,Etchelecu,"[43, 44, 71, 86, 13, 14, 15, 16, 11, 12, 41, 42, 100, 45, 46, 17, 18, 81]","['TRH_top_Insolagrin', 'TRH_bottom_Insolagrin', 'WIND01_EXT', 'WIND02_EXT', 'PAR01_Insolagrin', 'PAR02_Insolagrin', 'PAR03_Insolagrin', 'PAR04_Insolagrin', 'PAR01_EXT', 'PAR02_EXT', 'TRH_top_EXT', 'TRH_bottom_EXT', 'GHI_01_EXT', 'TRH_top_control', 'TRH_bottom_control', 'PAR01_control', 'PAR02_control', 'RAIN_EXT']",[],[],[],['No logs for 2d+']

15:22:06 18-12-2023,Agroscope Series,[116],['rain'],['00h 21-12-2023'],[],[],['No logs for 2d+']
15:22:06 18-12-2023,Agroscope Berries,[],[],['00h 21-12-2023'],[],[],['No logs for 2d+']
15:22:06 18-12-2023,Bioschmid,[],[],[],[],[],['No logs for 2d+']
15:22:06 18-12-2023,Etchelecu,[],[],[],[],[],['No logs for 2d+']

16:10:26 18-12-2023,Agroscope Series,[116],['rain'],"['00h 21-12-2023', '03h 21-12-2023']",[],[],['No logs for 2d+']
16:10:26 18-12-2023,Agroscope Berries,[],[],"['00h 21-12-2023', '03h 21-12-2023']",[],[],['No logs for 2d+']
16:10:26 18-12-2023,Bioschmid,[],[],[],[],[],['No logs for 2d+']
16:10:26 18-12-2023,Etchelecu,[],[],[],[],[],['No logs for 2d+']

09:57:36 20-12-2023,Agroscope Series,[116],['rain'],[],[],[],['No logs for 2d+']
09:57:36 20-12-2023,Agroscope Berries,[],[],[],[],[],"['screen_zone1: Emergency', 'screen_zone2: Emergency', 'screen_zone3: Emergency', 'screen_zone4: Emergency', 'screen_zone5: Emergency', 'screen_zone6: Emergency']"
09:57:36 20-12-2023,Bioschmid,[],[],[],"['12h 21-12-2023', '15h 21-12-2023', '18h 21-12-2023', '21h 21-12-2023', '00h 22-12-2023', '03h 22-12-2023', '09h 22-12-2023', '12h 22-12-2023', '15h 22-12-2023', '18h 22-12-2023']",[],['No logs for 2d+']
09:57:36 20-12-2023,Etchelecu,[],[],[],[],[],['No logs for 2d+']

12:14:19 20-12-2023,Agroscope Series,[116],['rain'],[],[],[],['No logs for 2d+']
12:14:19 20-12-2023,Agroscope Berries,[],[],[],[],[],"['screen_zone1: Emergency', 'screen_zone2: Emergency', 'screen_zone3: Emergency', 'screen_zone4: Emergency', 'screen_zone5: Emergency', 'screen_zone6: Emergency']"
12:14:19 20-12-2023,Bioschmid,[],[],[],"['12h 21-12-2023', '15h 21-12-2023', '18h 21-12-2023', '21h 21-12-2023', '00h 22-12-2023', '03h 22-12-2023', '09h 22-12-2023', '12h 22-12-2023', '15h 22-12-2023', '18h 22-12-2023', '21h 22-12-2023']",[],['No logs for 2d+']
12:14:19 20-12-2023,Etchelecu,[],[],[],[],[],['No logs for 2d+']

12:16:28 20-12-2023,Agroscope Series,[116],['rain'],[],[],[],['No logs for 2d+']
12:16:28 20-12-2023,Agroscope Berries,[],[],[],[],[],"['screen_zone1: Emergency', 'screen_zone2: Emergency', 'screen_zone3: Emergency', 'screen_zone4: Emergency', 'screen_zone5: Emergency', 'screen_zone6: Emergency']"
12:16:28 20-12-2023,Bioschmid,[],[],[],"['12h 21-12-2023', '15h 21-12-2023', '18h 21-12-2023', '21h 21-12-2023', '00h 22-12-2023', '03h 22-12-2023', '09h 22-12-2023', '12h 22-12-2023', '15h 22-12-2023', '18h 22-12-2023', '21h 22-12-2023']",[],['No logs for 2d+']
12:16:28 20-12-2023,Etchelecu,[],[],[],[],[],['No logs for 2d+']

12:16:45 20-12-2023,Agroscope Series,[116],['rain'],[],[],[],['No logs for 2d+']
12:16:45 20-12-2023,Agroscope Berries,[],[],[],[],[],"['screen_zone1: Emergency', 'screen_zone2: Emergency', 'screen_zone3: Emergency', 'screen_zone4: Emergency', 'screen_zone5: Emergency', 'screen_zone6: Emergency']"
12:16:45 20-12-2023,Bioschmid,[],[],[],"['12h 21-12-2023', '15h 21-12-2023', '18h 21-12-2023', '21h 21-12-2023', '00h 22-12-2023', '03h 22-12-2023', '09h 22-12-2023', '12h 22-12-2023', '15h 22-12-2023', '18h 22-12-2023', '21h 22-12-2023']",[],['No logs for 2d+']
12:16:45 20-12-2023,Etchelecu,[],[],[],[],[],['No logs for 2d+']

12:18:04 20-12-2023,Agroscope Series,[116],['rain'],[],[],[],['No logs for 2d+']
12:18:04 20-12-2023,Agroscope Berries,[],[],[],[],[],"['screen_zone1: Emergency', 'screen_zone2: Emergency', 'screen_zone3: Emergency', 'screen_zone4: Emergency', 'screen_zone5: Emergency', 'screen_zone6: Emergency']"
12:18:04 20-12-2023,Bioschmid,[],[],[],"['12h 21-12-2023', '15h 21-12-2023', '18h 21-12-2023', '21h 21-12-2023', '00h 22-12-2023', '03h 22-12-2023', '09h 22-12-2023', '12h 22-12-2023', '15h 22-12-2023', '18h 22-12-2023', '21h 22-12-2023']",[],['No logs for 2d+']
12:18:04 20-12-2023,Etchelecu,[],[],[],[],[],['No logs for 2d+']

13:15:30 20-12-2023,Agroscope Series,[116],['rain'],['03h 21-12-2023'],[],[],['No logs for 2d+']
13:15:30 20-12-2023,Agroscope Berries,[],[],['03h 21-12-2023'],[],[],"['screen_zone1: Emergency', 'screen_zone2: Emergency', 'screen_zone3: Emergency', 'screen_zone4: Emergency', 'screen_zone5: Emergency', 'screen_zone6: Emergency']"
13:15:30 20-12-2023,Bioschmid,[],[],[],"['12h 21-12-2023', '15h 21-12-2023', '18h 21-12-2023', '21h 21-12-2023', '00h 22-12-2023', '03h 22-12-2023', '06h 22-12-2023', '12h 22-12-2023', '15h 22-12-2023', '18h 22-12-2023', '21h 22-12-2023']",[],['No logs for 2d+']
13:15:30 20-12-2023,Etchelecu,[],[],[],[],[],['No logs for 2d+']

13:20:55 20-12-2023,Etchelecu,[],[],[],[],[],['No logs for 2d+']

13:22:10 20-12-2023,Etchelecu,[],[],[],[],[],['No logs for 2d+']

13:23:29 20-12-2023,Etchelecu,[],[],[],[],[],['No logs for 2d+']

13:24:50 20-12-2023,Etchelecu,[],[],[],[],[],['No logs for 2d+']

13:25:14 20-12-2023,Etchelecu,[],[],[],[],[],['No logs for 2d+']

13:26:44 20-12-2023,Etchelecu,[],[],[],[],[],['No logs for 2d+']

13:27:18 20-12-2023,Etchelecu,[],[],[],[],[],['No logs for 2d+']

13:28:26 20-12-2023,Etchelecu,[],[],[],[],[],['No logs for 2d+']

13:29:10 20-12-2023,Etchelecu,[],[],[],[],[],['No logs for 2d+']

13:29:42 20-12-2023,Etchelecu,[],[],[],[],[],['No logs for 2d+']

13:31:13 20-12-2023,Agroscope Series,[116],['rain'],['03h 21-12-2023'],[],[],['No logs for 2d+']
13:31:13 20-12-2023,Agroscope Berries,[],[],['03h 21-12-2023'],[],[],"['screen_zone1: Emergency', 'screen_zone2: Emergency', 'screen_zone3: Emergency', 'screen_zone4: Emergency', 'screen_zone5: Emergency', 'screen_zone6: Emergency']"
13:31:13 20-12-2023,Bioschmid,[],[],[],"['12h 21-12-2023', '15h 21-12-2023', '18h 21-12-2023', '21h 21-12-2023', '00h 22-12-2023', '03h 22-12-2023', '06h 22-12-2023', '12h 22-12-2023', '15h 22-12-2023', '18h 22-12-2023', '21h 22-12-2023']",[],['No logs for 2d+']
13:31:13 20-12-2023,Etchelecu,[],[],[],[],[],['No logs for 2d+']

14:13:27 20-12-2023,Agroscope Series,[116],['rain'],['03h 21-12-2023'],[],[],['No logs for 2d+']
14:13:27 20-12-2023,Agroscope Berries,[],[],['03h 21-12-2023'],[],[],"['screen_zone1: Emergency', 'screen_zone2: Emergency', 'screen_zone3: Emergency', 'screen_zone4: Emergency', 'screen_zone5: Emergency', 'screen_zone6: Emergency']"
14:13:27 20-12-2023,Bioschmid,[],[],[],"['12h 21-12-2023', '15h 21-12-2023', '18h 21-12-2023', '21h 21-12-2023', '00h 22-12-2023', '03h 22-12-2023', '06h 22-12-2023', '12h 22-12-2023', '15h 22-12-2023', '18h 22-12-2023', '21h 22-12-2023']",[],['No logs for 2d+']
14:13:27 20-12-2023,Etchelecu,[],[],[],[],[],['No logs for 2d+']

14:20:43 20-12-2023,Agroscope Series,[116],['rain'],['03h 21-12-2023'],[],[],['No logs for 2d+']

14:22:48 20-12-2023,Agroscope Series,[116],['rain'],['03h 21-12-2023'],[],[],['No logs for 2d+']

14:40:54 20-12-2023,Agroscope Series,[116],['rain'],['03h 21-12-2023'],[],[],['No logs for 2d+']

14:42:35 20-12-2023,Agroscope Series,[116],['rain'],['03h 21-12-2023'],[],[],['No logs for 2d+']

14:47:23 20-12-2023,Agroscope Series,[116],['rain'],['03h 21-12-2023'],[],[],['No logs for 2d+']

14:48:26 20-12-2023,Agroscope Series,[116],['rain'],['03h 21-12-2023'],[],[],['No logs for 2d+']

14:50:16 20-12-2023,Agroscope Series,[116],['rain'],['03h 21-12-2023'],[],[],['No logs for 2d+']

14:52:02 20-12-2023,Agroscope Series,[116],['rain'],['03h 21-12-2023'],[],[],['No logs for 2d+']

14:56:10 20-12-2023,Agroscope Series,"[0, 0, 0, 0, 0, 0, 0, 0, 0, 0, 0, 0, 0, 0, 0, 0, 0, 0, 0, 0, 0, 0, 0, 0, 151, 42, 12, 13, 41, 43, 44, 152, 153, 45, 25, 12, 13, 152, 67, 68, 41, 43, 44, 46, 47, 48, 49, 50, 51, 110]","['weather_station', 'PAR1', 'PAR2', 'PAR3', 'PAR4', 'PAR5', 'PAR6', 'PAR7', 'PAR8', 'T_RH1', 'T_RH2', 'PAR_ext', 'rain', 'radiation', 'wind_speed', 'wind_speed_ultrasonic', 'PAR_straw', 'radiation2', 'irradiance', 'irradiance_bifi', 'PAR_control', 'PAR_ext_bis', 'T_RH_control_top', 'T_RH_control_bottom', 'PAR_ext_ter', 'T_RH_ext_bottom', 'PAR01_REF1', 'PAR01_REF2', 'TRH01_REF1', 'TRH01_REF2', 'TRH02_REF2', 'PAR_CTRL_STRAWB', 'PAR_STRAWB', 'TRH_EXT_top', 'PAR_umbrella', 'PAR01_TX_tunnel', 'PAR01_GT_tunnel', 'PAR_umbrella_strawb', 'T_RH_umbrella_top', 'T_RH_umbrella_bottom', 'TRH01_TX_tunnel', 'TRH01_GT_tunnel', 'TRH02_GT_tunnel', 'TRH01_GT1_tunnel', 'TRH02_GT1_tunnel', 'PAR01_GT1_tunnel', 'TRH_top_Nursery', 'TRH_bottom_Nursery', 'PAR01_Nursery', 'GHI_EXT']",['03h 21-12-2023'],[],[],['No logs for 2d+']

14:57:07 20-12-2023,Agroscope Series,"[0, 0, 0, 0, 0, 0, 0, 0, 0, 0, 0, 0, 0, 0, 0, 0, 0, 0, 0, 0, 0, 0, 0, 0, 151, 42, 12, 13, 41, 43, 44, 152, 153, 45, 25, 12, 13, 152, 67, 68, 41, 43, 44, 46, 47, 48, 49, 50, 51, 110]","['weather_station', 'PAR1', 'PAR2', 'PAR3', 'PAR4', 'PAR5', 'PAR6', 'PAR7', 'PAR8', 'T_RH1', 'T_RH2', 'PAR_ext', 'rain', 'radiation', 'wind_speed', 'wind_speed_ultrasonic', 'PAR_straw', 'radiation2', 'irradiance', 'irradiance_bifi', 'PAR_control', 'PAR_ext_bis', 'T_RH_control_top', 'T_RH_control_bottom', 'PAR_ext_ter', 'T_RH_ext_bottom', 'PAR01_REF1', 'PAR01_REF2', 'TRH01_REF1', 'TRH01_REF2', 'TRH02_REF2', 'PAR_CTRL_STRAWB', 'PAR_STRAWB', 'TRH_EXT_top', 'PAR_umbrella', 'PAR01_TX_tunnel', 'PAR01_GT_tunnel', 'PAR_umbrella_strawb', 'T_RH_umbrella_top', 'T_RH_umbrella_bottom', 'TRH01_TX_tunnel', 'TRH01_GT_tunnel', 'TRH02_GT_tunnel', 'TRH01_GT1_tunnel', 'TRH02_GT1_tunnel', 'PAR01_GT1_tunnel', 'TRH_top_Nursery', 'TRH_bottom_Nursery', 'PAR01_Nursery', 'GHI_EXT']",['03h 21-12-2023'],[],[],['No logs for 2d+']

15:02:35 20-12-2023,Agroscope Series,"[0, 0, 0, 0, 0, 0, 0, 0, 0, 0, 0, 0, 0, 0, 0, 0, 0, 0, 0, 0, 0, 0, 0, 0, 151, 42, 12, 13, 41, 43, 44, 152, 153, 45, 25, 12, 13, 152, 67, 68, 41, 43, 44, 46, 47, 48, 49, 50, 51, 110]","['weather_station', 'PAR1', 'PAR2', 'PAR3', 'PAR4', 'PAR5', 'PAR6', 'PAR7', 'PAR8', 'T_RH1', 'T_RH2', 'PAR_ext', 'rain', 'radiation', 'wind_speed', 'wind_speed_ultrasonic', 'PAR_straw', 'radiation2', 'irradiance', 'irradiance_bifi', 'PAR_control', 'PAR_ext_bis', 'T_RH_control_top', 'T_RH_control_bottom', 'PAR_ext_ter', 'T_RH_ext_bottom', 'PAR01_REF1', 'PAR01_REF2', 'TRH01_REF1', 'TRH01_REF2', 'TRH02_REF2', 'PAR_CTRL_STRAWB', 'PAR_STRAWB', 'TRH_EXT_top', 'PAR_umbrella', 'PAR01_TX_tunnel', 'PAR01_GT_tunnel', 'PAR_umbrella_strawb', 'T_RH_umbrella_top', 'T_RH_umbrella_bottom', 'TRH01_TX_tunnel', 'TRH01_GT_tunnel', 'TRH02_GT_tunnel', 'TRH01_GT1_tunnel', 'TRH02_GT1_tunnel', 'PAR01_GT1_tunnel', 'TRH_top_Nursery', 'TRH_bottom_Nursery', 'PAR01_Nursery', 'GHI_EXT']",['03h 21-12-2023'],[],[],['No logs for 2d+']

15:05:23 20-12-2023,Agroscope Series,"[0, 0, 0, 0, 0, 0, 0, 0, 0, 0, 0, 0, 0, 0, 0, 0, 0, 0, 0, 0, 0, 0, 0, 0, 151, 42, 12, 13, 41, 43, 44, 152, 153, 45, 25, 12, 13, 152, 67, 68, 41, 43, 44, 46, 47, 48, 49, 50, 51, 110]","['weather_station', 'PAR1', 'PAR2', 'PAR3', 'PAR4', 'PAR5', 'PAR6', 'PAR7', 'PAR8', 'T_RH1', 'T_RH2', 'PAR_ext', 'rain', 'radiation', 'wind_speed', 'wind_speed_ultrasonic', 'PAR_straw', 'radiation2', 'irradiance', 'irradiance_bifi', 'PAR_control', 'PAR_ext_bis', 'T_RH_control_top', 'T_RH_control_bottom', 'PAR_ext_ter', 'T_RH_ext_bottom', 'PAR01_REF1', 'PAR01_REF2', 'TRH01_REF1', 'TRH01_REF2', 'TRH02_REF2', 'PAR_CTRL_STRAWB', 'PAR_STRAWB', 'TRH_EXT_top', 'PAR_umbrella', 'PAR01_TX_tunnel', 'PAR01_GT_tunnel', 'PAR_umbrella_strawb', 'T_RH_umbrella_top', 'T_RH_umbrella_bottom', 'TRH01_TX_tunnel', 'TRH01_GT_tunnel', 'TRH02_GT_tunnel', 'TRH01_GT1_tunnel', 'TRH02_GT1_tunnel', 'PAR01_GT1_tunnel', 'TRH_top_Nursery', 'TRH_bottom_Nursery', 'PAR01_Nursery', 'GHI_EXT']",['03h 21-12-2023'],[],[],['No logs for 2d+']

15:10:25 20-12-2023,Agroscope Series,"[0, 0, 0, 0, 0, 0, 0, 0, 0, 0, 0, 0, 0, 0, 0, 0, 0, 0, 0, 0, 0, 0, 0, 0, 151, 42, 12, 13, 41, 43, 44, 152, 153, 45, 25, 12, 13, 152, 67, 68, 41, 43, 44, 46, 47, 48, 49, 50, 51, 110]","['weather_station', 'PAR1', 'PAR2', 'PAR3', 'PAR4', 'PAR5', 'PAR6', 'PAR7', 'PAR8', 'T_RH1', 'T_RH2', 'PAR_ext', 'rain', 'radiation', 'wind_speed', 'wind_speed_ultrasonic', 'PAR_straw', 'radiation2', 'irradiance', 'irradiance_bifi', 'PAR_control', 'PAR_ext_bis', 'T_RH_control_top', 'T_RH_control_bottom', 'PAR_ext_ter', 'T_RH_ext_bottom', 'PAR01_REF1', 'PAR01_REF2', 'TRH01_REF1', 'TRH01_REF2', 'TRH02_REF2', 'PAR_CTRL_STRAWB', 'PAR_STRAWB', 'TRH_EXT_top', 'PAR_umbrella', 'PAR01_TX_tunnel', 'PAR01_GT_tunnel', 'PAR_umbrella_strawb', 'T_RH_umbrella_top', 'T_RH_umbrella_bottom', 'TRH01_TX_tunnel', 'TRH01_GT_tunnel', 'TRH02_GT_tunnel', 'TRH01_GT1_tunnel', 'TRH02_GT1_tunnel', 'PAR01_GT1_tunnel', 'TRH_top_Nursery', 'TRH_bottom_Nursery', 'PAR01_Nursery', 'GHI_EXT']",['03h 21-12-2023'],[],[],['No logs for 2d+']

15:11:35 20-12-2023,Agroscope Series,"[0, 0, 0, 0, 0, 0, 0, 0, 0, 0, 0, 0, 0, 0, 0, 0, 0, 0, 0, 0, 0, 0, 0, 0, 151, 42, 12, 13, 41, 43, 44, 152, 153, 45, 25, 12, 13, 152, 67, 68, 41, 43, 44, 46, 47, 48, 49, 50, 51, 110]","['weather_station', 'PAR1', 'PAR2', 'PAR3', 'PAR4', 'PAR5', 'PAR6', 'PAR7', 'PAR8', 'T_RH1', 'T_RH2', 'PAR_ext', 'rain', 'radiation', 'wind_speed', 'wind_speed_ultrasonic', 'PAR_straw', 'radiation2', 'irradiance', 'irradiance_bifi', 'PAR_control', 'PAR_ext_bis', 'T_RH_control_top', 'T_RH_control_bottom', 'PAR_ext_ter', 'T_RH_ext_bottom', 'PAR01_REF1', 'PAR01_REF2', 'TRH01_REF1', 'TRH01_REF2', 'TRH02_REF2', 'PAR_CTRL_STRAWB', 'PAR_STRAWB', 'TRH_EXT_top', 'PAR_umbrella', 'PAR01_TX_tunnel', 'PAR01_GT_tunnel', 'PAR_umbrella_strawb', 'T_RH_umbrella_top', 'T_RH_umbrella_bottom', 'TRH01_TX_tunnel', 'TRH01_GT_tunnel', 'TRH02_GT_tunnel', 'TRH01_GT1_tunnel', 'TRH02_GT1_tunnel', 'PAR01_GT1_tunnel', 'TRH_top_Nursery', 'TRH_bottom_Nursery', 'PAR01_Nursery', 'GHI_EXT']",['03h 21-12-2023'],[],[],['No logs for 2d+']

15:12:15 20-12-2023,Agroscope Series,"[0, 0, 0, 0, 0, 0, 0, 0, 0, 0, 0, 0, 0, 0, 0, 0, 0, 0, 0, 0, 0, 0, 0, 0, 130, 131, 132, 151, 42, 0, 0, 12, 13, 41, 43, 44, 130, 131, 132, 152, 153, 45, 25, 12, 13, 152, 67, 68, 41, 43, 44, 46, 47, 48, 49, 50, 51, 110]","['weather_station', 'PAR1', 'PAR2', 'PAR3', 'PAR4', 'PAR5', 'PAR6', 'PAR7', 'PAR8', 'T_RH1', 'T_RH2', 'PAR_ext', 'rain', 'radiation', 'wind_speed', 'wind_speed_ultrasonic', 'PAR_straw', 'radiation2', 'irradiance', 'irradiance_bifi', 'PAR_control', 'PAR_ext_bis', 'T_RH_control_top', 'T_RH_control_bottom', 'leaf_temp1', 'leaf_temp2', 'leaf_temp3', 'PAR_ext_ter', 'T_RH_ext_bottom', 'wind_screen_monitor', 'rain_screen_monitor', 'PAR01_REF1', 'PAR01_REF2', 'TRH01_REF1', 'TRH01_REF2', 'TRH02_REF2', 'leaf_temp_FS1', 'leaf_temp_umbrella1', 'leaf_temp_insolagrin_1', 'PAR_CTRL_STRAWB', 'PAR_STRAWB', 'TRH_EXT_top', 'PAR_umbrella', 'PAR01_TX_tunnel', 'PAR01_GT_tunnel', 'PAR_umbrella_strawb', 'T_RH_umbrella_top', 'T_RH_umbrella_bottom', 'TRH01_TX_tunnel', 'TRH01_GT_tunnel', 'TRH02_GT_tunnel', 'TRH01_GT1_tunnel', 'TRH02_GT1_tunnel', 'PAR01_GT1_tunnel', 'TRH_top_Nursery', 'TRH_bottom_Nursery', 'PAR01_Nursery', 'GHI_EXT']",['03h 21-12-2023'],[],[],['No logs for 2d+']

15:14:50 20-12-2023,Agroscope Series,"[0, 0, 0, 0, 0, 0, 0, 0, 0, 0, 0, 0, 0, 0, 0, 0, 0, 0, 0, 0, 0, 0, 0, 0, 130, 131, 132, 151, 42, 0, 0, 12, 13, 41, 43, 44, 130, 131, 132, 152, 153, 45, 25, 12, 13, 152, 67, 68, 41, 43, 44, 46, 47, 48, 49, 50, 51, 110]","['weather_station', 'PAR1', 'PAR2', 'PAR3', 'PAR4', 'PAR5', 'PAR6', 'PAR7', 'PAR8', 'T_RH1', 'T_RH2', 'PAR_ext', 'rain', 'radiation', 'wind_speed', 'wind_speed_ultrasonic', 'PAR_straw', 'radiation2', 'irradiance', 'irradiance_bifi', 'PAR_control', 'PAR_ext_bis', 'T_RH_control_top', 'T_RH_control_bottom', 'leaf_temp1', 'leaf_temp2', 'leaf_temp3', 'PAR_ext_ter', 'T_RH_ext_bottom', 'wind_screen_monitor', 'rain_screen_monitor', 'PAR01_REF1', 'PAR01_REF2', 'TRH01_REF1', 'TRH01_REF2', 'TRH02_REF2', 'leaf_temp_FS1', 'leaf_temp_umbrella1', 'leaf_temp_insolagrin_1', 'PAR_CTRL_STRAWB', 'PAR_STRAWB', 'TRH_EXT_top', 'PAR_umbrella', 'PAR01_TX_tunnel', 'PAR01_GT_tunnel', 'PAR_umbrella_strawb', 'T_RH_umbrella_top', 'T_RH_umbrella_bottom', 'TRH01_TX_tunnel', 'TRH01_GT_tunnel', 'TRH02_GT_tunnel', 'TRH01_GT1_tunnel', 'TRH02_GT1_tunnel', 'PAR01_GT1_tunnel', 'TRH_top_Nursery', 'TRH_bottom_Nursery', 'PAR01_Nursery', 'GHI_EXT']",['03h 21-12-2023'],[],[],['No logs for 2d+']

15:16:37 20-12-2023,Agroscope Series,"[0, 0, 0, 0, 0, 0, 0, 0, 0, 0, 0, 0, 0, 0, 0, 0, 0, 0, 0, 0, 0, 0, 0, 0, 130, 131, 132, 151, 42, 0, 0, 12, 13, 41, 43, 44, 130, 131, 132, 152, 153, 45, 25, 12, 13, 152, 67, 68, 41, 43, 44, 46, 47, 48, 49, 50, 51, 110]","['weather_station', 'PAR1', 'PAR2', 'PAR3', 'PAR4', 'PAR5', 'PAR6', 'PAR7', 'PAR8', 'T_RH1', 'T_RH2', 'PAR_ext', 'rain', 'radiation', 'wind_speed', 'wind_speed_ultrasonic', 'PAR_straw', 'radiation2', 'irradiance', 'irradiance_bifi', 'PAR_control', 'PAR_ext_bis', 'T_RH_control_top', 'T_RH_control_bottom', 'leaf_temp1', 'leaf_temp2', 'leaf_temp3', 'PAR_ext_ter', 'T_RH_ext_bottom', 'wind_screen_monitor', 'rain_screen_monitor', 'PAR01_REF1', 'PAR01_REF2', 'TRH01_REF1', 'TRH01_REF2', 'TRH02_REF2', 'leaf_temp_FS1', 'leaf_temp_umbrella1', 'leaf_temp_insolagrin_1', 'PAR_CTRL_STRAWB', 'PAR_STRAWB', 'TRH_EXT_top', 'PAR_umbrella', 'PAR01_TX_tunnel', 'PAR01_GT_tunnel', 'PAR_umbrella_strawb', 'T_RH_umbrella_top', 'T_RH_umbrella_bottom', 'TRH01_TX_tunnel', 'TRH01_GT_tunnel', 'TRH02_GT_tunnel', 'TRH01_GT1_tunnel', 'TRH02_GT1_tunnel', 'PAR01_GT1_tunnel', 'TRH_top_Nursery', 'TRH_bottom_Nursery', 'PAR01_Nursery', 'GHI_EXT']",['03h 21-12-2023'],[],[],['No logs for 2d+']

15:17:08 20-12-2023,Agroscope Series,"[0, 0, 0, 0, 0, 0, 0, 0, 0, 0, 0, 0, 0, 0, 0, 0, 0, 0, 0, 0, 0, 0, 0, 0, 130, 131, 132, 151, 42, 0, 0, 12, 13, 41, 43, 44, 130, 131, 132, 152, 153, 45, 25, 12, 13, 152, 67, 68, 41, 43, 44, 46, 47, 48, 49, 50, 51, 110]","['weather_station', 'PAR1', 'PAR2', 'PAR3', 'PAR4', 'PAR5', 'PAR6', 'PAR7', 'PAR8', 'T_RH1', 'T_RH2', 'PAR_ext', 'rain', 'radiation', 'wind_speed', 'wind_speed_ultrasonic', 'PAR_straw', 'radiation2', 'irradiance', 'irradiance_bifi', 'PAR_control', 'PAR_ext_bis', 'T_RH_control_top', 'T_RH_control_bottom', 'leaf_temp1', 'leaf_temp2', 'leaf_temp3', 'PAR_ext_ter', 'T_RH_ext_bottom', 'wind_screen_monitor', 'rain_screen_monitor', 'PAR01_REF1', 'PAR01_REF2', 'TRH01_REF1', 'TRH01_REF2', 'TRH02_REF2', 'leaf_temp_FS1', 'leaf_temp_umbrella1', 'leaf_temp_insolagrin_1', 'PAR_CTRL_STRAWB', 'PAR_STRAWB', 'TRH_EXT_top', 'PAR_umbrella', 'PAR01_TX_tunnel', 'PAR01_GT_tunnel', 'PAR_umbrella_strawb', 'T_RH_umbrella_top', 'T_RH_umbrella_bottom', 'TRH01_TX_tunnel', 'TRH01_GT_tunnel', 'TRH02_GT_tunnel', 'TRH01_GT1_tunnel', 'TRH02_GT1_tunnel', 'PAR01_GT1_tunnel', 'TRH_top_Nursery', 'TRH_bottom_Nursery', 'PAR01_Nursery', 'GHI_EXT']",['03h 21-12-2023'],[],[],['No logs for 2d+']

15:23:26 20-12-2023,Agroscope Series,"[130, 116]","['leaf_temp_FS1', 'rain']",['03h 21-12-2023'],[],[],['No logs for 2d+']

15:24:47 20-12-2023,Agroscope Series,"[130, 116]","['leaf_temp_FS1', 'rain']",['03h 21-12-2023'],[],[],['No logs for 2d+']
15:24:47 20-12-2023,Agroscope Berries,[],[],['03h 21-12-2023'],[],[],"['screen_zone1: Emergency', 'screen_zone2: Emergency', 'screen_zone3: Emergency', 'screen_zone4: Emergency', 'screen_zone5: Emergency', 'screen_zone6: Emergency']"
15:24:47 20-12-2023,Bioschmid,[],[],[],"['12h 21-12-2023', '15h 21-12-2023', '18h 21-12-2023', '21h 21-12-2023', '00h 22-12-2023', '03h 22-12-2023', '06h 22-12-2023', '12h 22-12-2023', '15h 22-12-2023', '18h 22-12-2023', '21h 22-12-2023']",[],['No logs for 2d+']
15:24:47 20-12-2023,Etchelecu,[],[],[],[],[],['No logs for 2d+']

15:32:42 20-12-2023,Agroscope Series,"[130, 116]","['leaf_temp_FS1', 'rain']",['03h 21-12-2023'],[],[],['No logs for 2d+']
15:32:42 20-12-2023,Agroscope Berries,[],[],['03h 21-12-2023'],[],[],"['screen_zone1: Emergency', 'screen_zone2: Emergency', 'screen_zone3: Emergency', 'screen_zone4: Emergency', 'screen_zone5: Emergency', 'screen_zone6: Emergency']"
15:32:42 20-12-2023,Bioschmid,[],[],[],"['12h 21-12-2023', '15h 21-12-2023', '18h 21-12-2023', '21h 21-12-2023', '00h 22-12-2023', '03h 22-12-2023', '06h 22-12-2023', '12h 22-12-2023', '15h 22-12-2023', '18h 22-12-2023', '21h 22-12-2023']",[],['No logs for 2d+']
15:32:42 20-12-2023,Etchelecu,[],[],[],[],[],['No logs for 2d+']

15:34:42 20-12-2023,Agroscope Series,"[130, 116]","['leaf_temp_FS1', 'rain']",['03h 21-12-2023'],[],[],['No logs for 2d+']
15:34:42 20-12-2023,Agroscope Berries,[],[],['03h 21-12-2023'],[],[],"['screen_zone1: Emergency', 'screen_zone2: Emergency', 'screen_zone3: Emergency', 'screen_zone4: Emergency', 'screen_zone5: Emergency', 'screen_zone6: Emergency']"
15:34:42 20-12-2023,Bioschmid,[],[],[],"['12h 21-12-2023', '15h 21-12-2023', '18h 21-12-2023', '21h 21-12-2023', '00h 22-12-2023', '03h 22-12-2023', '06h 22-12-2023', '12h 22-12-2023', '15h 22-12-2023', '18h 22-12-2023', '21h 22-12-2023']",[],['No logs for 2d+']
15:34:42 20-12-2023,Etchelecu,[],[],[],[],[],['No logs for 2d+']

15:58:14 20-12-2023,Agroscope Series,"[130, 116]","['leaf_temp_FS1', 'rain']",['03h 21-12-2023'],[],[],['No logs for 2d+']
15:58:14 20-12-2023,Agroscope Berries,[],[],['03h 21-12-2023'],[],[],"['screen_zone1: Emergency', 'screen_zone2: Emergency', 'screen_zone3: Emergency', 'screen_zone4: Emergency', 'screen_zone5: Emergency', 'screen_zone6: Emergency']"
15:58:14 20-12-2023,Bioschmid,[],[],[],"['12h 21-12-2023', '15h 21-12-2023', '18h 21-12-2023', '21h 21-12-2023', '00h 22-12-2023', '03h 22-12-2023', '06h 22-12-2023', '12h 22-12-2023', '15h 22-12-2023', '18h 22-12-2023', '21h 22-12-2023']",[],['No logs for 2d+']
15:58:14 20-12-2023,Etchelecu,[],[],[],[],[],['No logs for 2d+']

16:25:24 20-12-2023,Agroscope Series,"130
116","leaf_temp_FS1
rain",03h 21-12-2023,,,No logs for 2d+
16:25:24 20-12-2023,Agroscope Berries,,,03h 21-12-2023,,,"screen_zone1: Emergency
screen_zone2: Emergency
screen_zone3: Emergency
screen_zone4: Emergency
screen_zone5: Emergency
screen_zone6: Emergency"
16:25:24 20-12-2023,Bioschmid,,,,"12h 21-12-2023
15h 21-12-2023
18h 21-12-2023
21h 21-12-2023
00h 22-12-2023
03h 22-12-2023
06h 22-12-2023
12h 22-12-2023
15h 22-12-2023
18h 22-12-2023
21h 22-12-2023",,No logs for 2d+
16:25:24 20-12-2023,Etchelecu,,,,,,No logs for 2d+

16:30:53 20-12-2023,Agroscope Series,"130, 116","leaf_temp_FS1, rain",03h 21-12-2023,,,No logs for 2d+
16:30:53 20-12-2023,Agroscope Berries,,,03h 21-12-2023,,,"screen_zone1: Emergency, screen_zone2: Emergency, screen_zone3: Emergency, screen_zone4: Emergency, screen_zone5: Emergency, screen_zone6: Emergency"
16:30:53 20-12-2023,Bioschmid,,,,"12h 21-12-2023, 15h 21-12-2023, 18h 21-12-2023, 21h 21-12-2023, 00h 22-12-2023, 03h 22-12-2023, 06h 22-12-2023, 12h 22-12-2023, 15h 22-12-2023, 18h 22-12-2023, 21h 22-12-2023",,No logs for 2d+
16:30:53 20-12-2023,Etchelecu,,,,,,No logs for 2d+

16:33:29 20-12-2023,Agroscope Series,"130, 116","leaf_temp_FS1, rain",03h 21-12-2023,,,No logs for 2d+
16:33:29 20-12-2023,Agroscope Berries,,,03h 21-12-2023,,,"screen_zone1: Emergency, screen_zone2: Emergency, screen_zone3: Emergency, screen_zone4: Emergency, screen_zone5: Emergency, screen_zone6: Emergency"
16:33:29 20-12-2023,Bioschmid,,,,"12h 21-12-2023, 15h 21-12-2023, 18h 21-12-2023, 21h 21-12-2023, 00h 22-12-2023, 03h 22-12-2023, 06h 22-12-2023, 12h 22-12-2023, 15h 22-12-2023, 18h 22-12-2023, 21h 22-12-2023",,No logs for 2d+
16:33:29 20-12-2023,Etchelecu,,,,,,No logs for 2d+

16:34:24 20-12-2023,Agroscope Series,"130, 116","leaf_temp_FS1, rain",03h 21-12-2023,,,No logs for 2d+
16:34:24 20-12-2023,Agroscope Berries,,,03h 21-12-2023,,,"screen_zone1: Emergency, screen_zone2: Emergency, screen_zone3: Emergency, screen_zone4: Emergency, screen_zone5: Emergency, screen_zone6: Emergency"
16:34:24 20-12-2023,Bioschmid,,,,"12h 21-12-2023, 15h 21-12-2023, 18h 21-12-2023, 21h 21-12-2023, 00h 22-12-2023, 03h 22-12-2023, 06h 22-12-2023, 12h 22-12-2023, 15h 22-12-2023, 18h 22-12-2023, 21h 22-12-2023",,No logs for 2d+
16:34:24 20-12-2023,Etchelecu,,,,,,No logs for 2d+

08:57:54 21-12-2023,Agroscope Series,"130, 116","leaf_temp_FS1, rain",09h 21-12-2023,,,No logs for 2d+
08:57:54 21-12-2023,Agroscope Berries,,,09h 21-12-2023,,,"screen_zone1: Emergency, screen_zone2: Emergency, screen_zone3: Emergency, screen_zone4: Emergency, screen_zone5: Emergency, screen_zone6: Emergency"
08:57:54 21-12-2023,Bioschmid,,,,"09h 21-12-2023, 12h 21-12-2023, 15h 21-12-2023, 18h 21-12-2023, 21h 21-12-2023, 00h 22-12-2023, 03h 22-12-2023, 06h 22-12-2023, 09h 22-12-2023, 12h 22-12-2023, 15h 22-12-2023, 18h 22-12-2023, 21h 22-12-2023, 00h 23-12-2023",,No logs for 2d+
08:57:54 21-12-2023,Etchelecu,,,,,,No logs for 2d+

10:22:32 21-12-2023,Bioschmid,,,,"12h 21-12-2023, 15h 21-12-2023, 18h 21-12-2023, 21h 21-12-2023, 00h 22-12-2023, 03h 22-12-2023, 06h 22-12-2023, 09h 22-12-2023, 12h 22-12-2023, 15h 22-12-2023, 18h 22-12-2023, 21h 22-12-2023, 00h 23-12-2023",,No logs for 2d+
10:22:32 21-12-2023,Etchelecu,,,,,,No logs for 2d+

10:24:21 21-12-2023,Bioschmid,,,,"12h 21-12-2023, 15h 21-12-2023, 18h 21-12-2023, 21h 21-12-2023, 00h 22-12-2023, 03h 22-12-2023, 06h 22-12-2023, 09h 22-12-2023, 12h 22-12-2023, 15h 22-12-2023, 18h 22-12-2023, 21h 22-12-2023, 00h 23-12-2023",,No logs for 2d+
10:24:21 21-12-2023,Etchelecu,,,,,,No logs for 2d+

10:27:42 21-12-2023,Agroscope Series,"130, 116","leaf_temp_FS1, rain",,,,No logs for 2d+
10:27:42 21-12-2023,Agroscope Berries,,,,,,"screen_zone1: Emergency, screen_zone2: Emergency, screen_zone3: Emergency, screen_zone4: Emergency, screen_zone5: Emergency, screen_zone6: Emergency"
10:27:42 21-12-2023,Bioschmid,,,,"12h 21-12-2023, 15h 21-12-2023, 18h 21-12-2023, 21h 21-12-2023, 00h 22-12-2023, 03h 22-12-2023, 06h 22-12-2023, 09h 22-12-2023, 12h 22-12-2023, 15h 22-12-2023, 18h 22-12-2023, 21h 22-12-2023, 00h 23-12-2023",,No logs for 2d+
10:27:42 21-12-2023,Etchelecu,,,,,,No logs for 2d+

10:37:40 21-12-2023,Agroscope Series,"130, 116","leaf_temp_FS1, rain",,,,No logs for 2d+
10:37:40 21-12-2023,Agroscope Berries,,,,,,"screen_zone1: Emergency, screen_zone2: Emergency, screen_zone3: Emergency, screen_zone4: Emergency, screen_zone5: Emergency, screen_zone6: Emergency"
10:37:40 21-12-2023,Bioschmid,,,,"12h 21-12-2023, 15h 21-12-2023, 18h 21-12-2023, 21h 21-12-2023, 00h 22-12-2023, 03h 22-12-2023, 06h 22-12-2023, 09h 22-12-2023, 12h 22-12-2023, 15h 22-12-2023, 18h 22-12-2023, 21h 22-12-2023, 00h 23-12-2023",,No logs for 2d+
10:37:40 21-12-2023,Etchelecu,,,,,,No logs for 2d+

10:52:09 21-12-2023,Agroscope Series,"130, 116","leaf_temp_FS1, rain",,,,No logs for 2d+
10:52:09 21-12-2023,Agroscope Berries,,,,,,"screen_zone1: Emergency, screen_zone2: Emergency, screen_zone3: Emergency, screen_zone4: Emergency, screen_zone5: Emergency, screen_zone6: Emergency"
10:52:09 21-12-2023,Bioschmid,,,,"12h 21-12-2023, 15h 21-12-2023, 18h 21-12-2023, 21h 21-12-2023, 00h 22-12-2023, 03h 22-12-2023, 06h 22-12-2023, 09h 22-12-2023, 12h 22-12-2023, 15h 22-12-2023, 18h 22-12-2023, 21h 22-12-2023, 00h 23-12-2023",,No logs for 2d+
10:52:09 21-12-2023,Etchelecu,,,,,,No logs for 2d+

11:24:22 21-12-2023,Agroscope Series,"130, 116","leaf_temp_FS1, rain",,,,No logs for 2d+
11:24:22 21-12-2023,Agroscope Berries,,,,,,"screen_zone4: Emergency, screen_zone1: Emergency, screen_zone2: Emergency, screen_zone3: Emergency, screen_zone5: Emergency, screen_zone6: Emergency"
11:24:22 21-12-2023,Bioschmid,,,,"12h 21-12-2023, 15h 21-12-2023, 18h 21-12-2023, 21h 21-12-2023, 00h 22-12-2023, 03h 22-12-2023, 06h 22-12-2023, 09h 22-12-2023, 12h 22-12-2023, 15h 22-12-2023, 18h 22-12-2023, 21h 22-12-2023, 00h 23-12-2023",,No logs for 2d+
11:24:22 21-12-2023,Etchelecu,,,,,,No logs for 2d+

11:35:58 21-12-2023,Agroscope Series,"130, 116","leaf_temp_FS1, rain",,,,No logs for 2d+
11:35:58 21-12-2023,Agroscope Berries,,,,,,"screen_zone5: Emergency, screen_zone4: Emergency, screen_zone1: Emergency, screen_zone2: Emergency, screen_zone3: Emergency, screen_zone6: Emergency"
11:35:58 21-12-2023,Bioschmid,,,,"12h 21-12-2023, 15h 21-12-2023, 18h 21-12-2023, 21h 21-12-2023, 00h 22-12-2023, 03h 22-12-2023, 06h 22-12-2023, 09h 22-12-2023, 12h 22-12-2023, 15h 22-12-2023, 18h 22-12-2023, 21h 22-12-2023, 00h 23-12-2023",,No logs for 2d+
11:35:58 21-12-2023,Etchelecu,,,,,,No logs for 2d+

11:42:31 21-12-2023,Agroscope Series,"130, 116","leaf_temp_FS1, rain",,,,No logs for 2d+
11:42:31 21-12-2023,Agroscope Berries,,,,,,"screen_zone6: Emergency, screen_zone1: Emergency, screen_zone2: Emergency, screen_zone3: Emergency, screen_zone5: Emergency, screen_zone4: Emergency"
11:42:31 21-12-2023,Bioschmid,,,,"12h 21-12-2023, 15h 21-12-2023, 18h 21-12-2023, 21h 21-12-2023, 00h 22-12-2023, 03h 22-12-2023, 06h 22-12-2023, 09h 22-12-2023, 12h 22-12-2023, 15h 22-12-2023, 18h 22-12-2023, 21h 22-12-2023, 00h 23-12-2023",,No logs for 2d+
11:42:31 21-12-2023,Etchelecu,,,,,,No logs for 2d+

11:50:16 21-12-2023,Agroscope Series,"130, 116","leaf_temp_FS1, rain",,,,No logs for 2d+
11:50:16 21-12-2023,Agroscope Berries,,,,,,"screen_zone1: Emergency, screen_zone2: Emergency, screen_zone3: Emergency, screen_zone4: Emergency, screen_zone5: Emergency, screen_zone6: Emergency"
11:50:16 21-12-2023,Bioschmid,,,,"12h 21-12-2023, 15h 21-12-2023, 18h 21-12-2023, 21h 21-12-2023, 00h 22-12-2023, 03h 22-12-2023, 06h 22-12-2023, 09h 22-12-2023, 12h 22-12-2023, 15h 22-12-2023, 18h 22-12-2023, 21h 22-12-2023, 00h 23-12-2023",,No logs for 2d+
11:50:16 21-12-2023,Etchelecu,,,,,,No logs for 2d+

12:17:57 21-12-2023,Agroscope Series,"130, 116","leaf_temp_FS1, rain",,,,No logs for 2d+
12:17:57 21-12-2023,Agroscope Berries,,,,,,"screen_zone1: Emergency, screen_zone2: Emergency, screen_zone3: Emergency, screen_zone4: Emergency, screen_zone5: Emergency, screen_zone6: Emergency"
12:17:57 21-12-2023,Bioschmid,,,,"12h 21-12-2023, 15h 21-12-2023, 18h 21-12-2023, 21h 21-12-2023, 00h 22-12-2023, 03h 22-12-2023, 06h 22-12-2023, 09h 22-12-2023, 12h 22-12-2023, 15h 22-12-2023, 18h 22-12-2023, 21h 22-12-2023, 00h 23-12-2023",,No logs for 2d+
12:17:57 21-12-2023,Etchelecu,,,,,,No logs for 2d+

12:25:15 21-12-2023,Agroscope Series,"130, 116","leaf_temp_FS1, rain",,,,No logs for 2d+
12:25:15 21-12-2023,Agroscope Berries,,,,,,"screen_zone1: Emergency, screen_zone2: Emergency, screen_zone3: Emergency, screen_zone4: Emergency, screen_zone5: Emergency, screen_zone6: Emergency"
12:25:15 21-12-2023,Bioschmid,,,,,,No logs for 2d+
12:25:15 21-12-2023,Etchelecu,,,,,,No logs for 2d+

12:26:15 21-12-2023,Agroscope Series,"130, 116","leaf_temp_FS1, rain",,,,No logs for 2d+
12:26:15 21-12-2023,Agroscope Berries,,,,,,"screen_zone1: Emergency, screen_zone2: Emergency, screen_zone3: Emergency, screen_zone4: Emergency, screen_zone5: Emergency, screen_zone6: Emergency"
12:26:15 21-12-2023,Bioschmid,,,,,,No logs for 2d+
12:26:15 21-12-2023,Etchelecu,,,,,,No logs for 2d+

12:32:56 21-12-2023,Agroscope Series,"130, 116","leaf_temp_FS1, rain",,,,No logs for 2d+
12:32:56 21-12-2023,Agroscope Berries,,,,,,"screen_zone1: Emergency, screen_zone2: Emergency, screen_zone3: Emergency, screen_zone4: Emergency, screen_zone5: Emergency, screen_zone6: Emergency"
12:32:56 21-12-2023,Bioschmid,,,,,,No logs for 2d+
12:32:56 21-12-2023,Etchelecu,,,,,,No logs for 2d+

12:35:40 21-12-2023,Agroscope Series,"130, 116","leaf_temp_FS1, rain",,,,No logs for 2d+
12:35:40 21-12-2023,Agroscope Berries,,,,,,"screen_zone5: Emergency, screen_zone4: Emergency, screen_zone1: Emergency, screen_zone2: Emergency, screen_zone3: Emergency, screen_zone6: Emergency"
12:35:40 21-12-2023,Bioschmid,,,,,,No logs for 2d+
12:35:40 21-12-2023,Etchelecu,,,,,,No logs for 2d+

12:38:20 21-12-2023,Agroscope Series,"130, 116","leaf_temp_FS1, rain",,,,No logs for 2d+
12:38:20 21-12-2023,Agroscope Berries,,,,,,"screen_zone5: Emergency, screen_zone4: Emergency, screen_zone1: Emergency, screen_zone2: Emergency, screen_zone3: Emergency, screen_zone6: Emergency"
12:38:20 21-12-2023,Bioschmid,,,,,,No logs for 2d+
12:38:20 21-12-2023,Etchelecu,,,,,,No logs for 2d+

12:41:37 21-12-2023,Agroscope Series,"130, 116","leaf_temp_FS1, rain",,,,No logs for 2d+
12:41:37 21-12-2023,Agroscope Berries,,,,,,"screen_zone6: Emergency, screen_zone1: Emergency, screen_zone2: Emergency, screen_zone3: Emergency, screen_zone5: Emergency, screen_zone4: Emergency"
12:41:37 21-12-2023,Bioschmid,,,,,,No logs for 2d+
12:41:37 21-12-2023,Etchelecu,,,,,,No logs for 2d+

12:42:22 21-12-2023,Agroscope Series,"130, 116","leaf_temp_FS1, rain",,,,No logs for 2d+
12:42:22 21-12-2023,Agroscope Berries,,,,,,"screen_zone6: Emergency, screen_zone1: Emergency, screen_zone2: Emergency, screen_zone3: Emergency, screen_zone5: Emergency, screen_zone4: Emergency"
12:42:22 21-12-2023,Bioschmid,,,,,,No logs for 2d+
12:42:22 21-12-2023,Etchelecu,,,,,,No logs for 2d+

12:44:57 21-12-2023,Agroscope Series,"130, 116","leaf_temp_FS1, rain",,,,No logs for 2d+
12:44:57 21-12-2023,Agroscope Berries,,,,,,"screen_zone1: Emergency, screen_zone2: Emergency, screen_zone3: Emergency, screen_zone5: Emergency, screen_zone6: Emergency, screen_zone4: Emergency"
12:44:57 21-12-2023,Bioschmid,,,,,,No logs for 2d+
12:44:57 21-12-2023,Etchelecu,,,,,,No logs for 2d+

12:46:26 21-12-2023,Agroscope Series,"130, 116","leaf_temp_FS1, rain",,,,No logs for 2d+
12:46:26 21-12-2023,Agroscope Berries,,,,,,"screen_zone1: Emergency, screen_zone2: Emergency, screen_zone3: Emergency, screen_zone5: Emergency, screen_zone6: Emergency, screen_zone4: Emergency"
12:46:26 21-12-2023,Bioschmid,,,,,,No logs for 2d+
12:46:26 21-12-2023,Etchelecu,,,,,,No logs for 2d+

12:47:02 21-12-2023,Agroscope Series,"130, 116","leaf_temp_FS1, rain",,,,No logs for 2d+
12:47:02 21-12-2023,Agroscope Berries,,,,,,"screen_zone1: Emergency, screen_zone2: Emergency, screen_zone3: Emergency, screen_zone5: Emergency, screen_zone6: Emergency, screen_zone4: Emergency"
12:47:02 21-12-2023,Bioschmid,,,,,,No logs for 2d+
12:47:02 21-12-2023,Etchelecu,,,,,,No logs for 2d+

13:41:37 21-12-2023,Agroscope Series,"130, 116","leaf_temp_FS1, rain",,,,No logs for 2d+
13:41:37 21-12-2023,Agroscope Berries,,,,,,"screen_zone5: Emergency, screen_zone1: Emergency, screen_zone3: Emergency, screen_zone4: Emergency, screen_zone2: Emergency, screen_zone6: Emergency"
13:41:37 21-12-2023,Bioschmid,,,,,,No logs for 2d+
13:41:37 21-12-2023,Etchelecu,,,,,,No logs for 2d+

13:42:49 21-12-2023,Agroscope Series,"130, 116","leaf_temp_FS1, rain",,,,No logs for 2d+
13:42:49 21-12-2023,Agroscope Berries,,,,,,"screen_zone5: Emergency, screen_zone1: Emergency, screen_zone3: Emergency, screen_zone4: Emergency, screen_zone2: Emergency, screen_zone6: Emergency"
13:42:49 21-12-2023,Bioschmid,,,,,,No logs for 2d+
13:42:49 21-12-2023,Etchelecu,,,,,,No logs for 2d+

13:43:42 21-12-2023,Agroscope Series,"130, 116","leaf_temp_FS1, rain",,,,No logs for 2d+
13:43:42 21-12-2023,Agroscope Berries,,,,,,"screen_zone1: Emergency, screen_zone3: Emergency, screen_zone4: Emergency, screen_zone2: Emergency, screen_zone6: Emergency, screen_zone5: Emergency"
13:43:42 21-12-2023,Bioschmid,,,,,,No logs for 2d+
13:43:42 21-12-2023,Etchelecu,,,,,,No logs for 2d+

